model,accuracy
Logistic,0.7142857142857143
RandomForest,0.7402597402597403
XGBoost,0.7272727272727273
SVM,0.7272727272727273
MLP,0.7272727272727273
